Vojtík,19027
Honzík,94604
Adámek,1819
Lukášek,36022
Lukášek,96225
Pája,810
Tomík,71581
Lukášek,86414
Lukášek,69038
Bertík,77786
Bertík,3279
Tomík,86045
Lukášek,56038
Lukášek,88936
Adámek,14455
Vojtík,11430
Lukášek,15291
Lukášek,70837
Míša,86405
Míša,60163
Míša,4684
Vojtík,76216
Vojtík,30737
Tomík,58458
Bertík,12302
Lukášek,30274
Adámek,14229
Vojtík,42421
Vojtík,10411
Lukášek,46449
Vojtík,7286
Míša,76881
Honzík,76127
Lukášek,49442
Vojtík,84685
Míša,98542
Lukášek,69168
Pája,31039
Míša,45843
Vojtík,59845
Lukášek,13929
Lukášek,12934
Bertík,56873
Pája,91902
Honzík,18201
Adámek,57019
Vojtík,92818
Vojtík,44396
Pája,11678
Tomík,59525
Vojtík,3997
Honzík,5882
Adámek,7933
Pája,1353
Vojtík,13877
Pája,1616
Pája,40908
Vojtík,97780
Bertík,19621
Bertík,96260
Honzík,47586
Míša,61868
Lukášek,75996
Vojtík,91202
Tomík,35726
Tomík,54308
Tomík,59494
Míša,51249
Vojtík,99933
Vojtík,62952
Lukášek,25107
Bertík,63759
Lukášek,72449
Lukášek,68141
Bertík,19485
Tomík,52467
Honzík,2883
Honzík,44285
Honzík,65079
Bertík,54469
Tomík,41918
Míša,35531
Tomík,51468
Bertík,54882
Tomík,5719
Adámek,32567
Honzík,77233
Míša,3897
Lukášek,58796
Míša,90164
Lukášek,85338
Vojtík,34246
Adámek,17444
Míša,78314
Míša,45508
Tomík,75572
Tomík,62376
Lukášek,6313
Tomík,3525
Míša,79747
Adámek,61475
Adámek,83837
Honzík,60527
Tomík,435
Honzík,38197
Pája,25068
Míša,99530
Bertík,43725
Adámek,60255
Honzík,54028
Adámek,31517
Lukášek,65697
Tomík,90746
Míša,8257
Honzík,71455
Lukášek,46724
Míša,93059
Adámek,26215
Honzík,9341
Bertík,74148
Honzík,23654
Lukášek,97855
Míša,98596
Bertík,32136
Tomík,90125
Vojtík,17014
Vojtík,82965
Bertík,13636
Lukášek,69726
Honzík,30059
Honzík,51086
Tomík,24697
Honzík,26211
Adámek,67968
Adámek,74446
Lukášek,1877
Pája,52551
Tomík,59098
Bertík,11771
Pája,53461
Vojtík,98073
Lukášek,51340
Honzík,6459
Honzík,35841
Vojtík,99595
Adámek,91386
Lukášek,65718
Lukášek,81804
Bertík,53192
Vojtík,63237
Bertík,48993
Honzík,13791
Adámek,47625
Bertík,43094
Vojtík,81685
Vojtík,4126
Honzík,96250
Adámek,32910
Vojtík,5465
Lukášek,55670
Míša,78177
Pája,26887
Vojtík,65133
Lukášek,36591
Honzík,12326
Tomík,37973
Vojtík,76358
Honzík,25783
Pája,48345
Tomík,60863
Adámek,92133
Adámek,40967
Adámek,5092
Míša,84311
Vojtík,2521
Vojtík,35543
Adámek,65794
Tomík,78945
Pája,64008
Honzík,69439
Tomík,86662
Tomík,54288
Lukášek,51884
Lukášek,95099
Adámek,2356
Tomík,83125
Adámek,11180
Vojtík,27396
Honzík,12577
Tomík,25460
Bertík,18134
Lukášek,73487
Bertík,68791
Pája,36006
Vojtík,52940
Vojtík,76772
Pája,68753
Tomík,54232
Adámek,15687
Bertík,71544
Lukášek,6839
Lukášek,64001
Vojtík,79837
Vojtík,47552
Tomík,41425
Bertík,66810
Adámek,19886
Vojtík,31964
Adámek,73920
Adámek,70481
Honzík,75345
Honzík,53306
Vojtík,76520
Tomík,66278
Tomík,32798
Pája,30397
Adámek,1010
Pája,71424
Lukášek,6095
Honzík,92430
Vojtík,13783
Honzík,13980
Lukášek,66961
Bertík,30636
Adámek,99846
Tomík,69771
Míša,43942
Pája,69366
Pája,97384
Vojtík,26757
Honzík,99096
Míša,32820
Honzík,91741
Bertík,66721
Vojtík,75368
Tomík,37063
Adámek,18698
Adámek,37479
Vojtík,45990
Bertík,47123
Honzík,13473
Míša,75167
Bertík,93848
Vojtík,48562
Adámek,91037
Honzík,59772
Lukášek,91068
Míša,75175
Míša,8697
Adámek,21990
Lukášek,8963
Vojtík,99198
Pája,43389
Bertík,10091
Lukášek,33534
Honzík,3034
Míša,64106
Tomík,56329
Lukášek,92174
Míša,19701
Adámek,77327
Vojtík,57777
Lukášek,4377
Tomík,42761
Adámek,50956
Honzík,8114
Pája,44081
Bertík,37436
Vojtík,71115
Pája,81279
Pája,63294
Míša,41208
Lukášek,90221
Vojtík,90025
Pája,50860
Míša,81670
Adámek,96901
Lukášek,28671
Míša,44840
Adámek,96038
Bertík,15601
Adámek,8486
Tomík,65742
Pája,41856
Honzík,70015
Honzík,70929
Míša,18651
Lukášek,31924
Lukášek,32181
Honzík,73740
Tomík,48569
Adámek,39700
Bertík,30101
Lukášek,72787
Tomík,24993
Pája,8177
Bertík,33513
Míša,6649
Pája,53830
Adámek,17435
Pája,53268
Pája,61896
Honzík,18739
Pája,38846
Tomík,96590
Honzík,48155
Adámek,53721
Vojtík,75486
Míša,78501
Pája,34514
Vojtík,83329
Bertík,78247
Lukášek,3294
Pája,3977
Tomík,57180
Lukášek,87668
Pája,80209
Honzík,4372
Pája,98851
Honzík,16264
Míša,3342
Tomík,75416
Míša,92569
Vojtík,67518
Lukášek,49723
Honzík,70108
Tomík,75376
Honzík,30657
Honzík,1637
Bertík,67419
Adámek,52040
Tomík,66103
Bertík,73102
Míša,41194
Honzík,47684
Lukášek,65680
Vojtík,20975
Lukášek,17060
Adámek,42971
Míša,73135
Honzík,28463
Adámek,86107
Honzík,68413
Adámek,64760
Vojtík,93674
Míša,1550
Lukášek,76331
Adámek,13327
Pája,46346
Tomík,82468
Lukášek,99231
Lukášek,88715
Bertík,6907
Tomík,55521
Lukášek,57843
Honzík,17431
Lukášek,21652
Míša,22990
Vojtík,67974
Tomík,66440
Lukášek,63190
Vojtík,82511
Míša,71083
Lukášek,24039
Honzík,74395
Honzík,52384
Lukášek,73590
Míša,38076
Honzík,15627
Tomík,95200
Tomík,65358
Tomík,48082
Adámek,37467
Vojtík,60322
Honzík,26296
Honzík,99750
Míša,58362
Bertík,50731
Tomík,28955
Lukášek,40989
Míša,77539
Bertík,28950
Honzík,52510
Pája,6374
Tomík,36201
Honzík,21198
Tomík,44908
Vojtík,7520
Tomík,62513
Tomík,12476
Tomík,15703
Pája,50842
Pája,46990
Pája,67727
Vojtík,90697
Vojtík,23018
Adámek,88171
Lukášek,6364
Pája,64696
Míša,52171
Tomík,34305
Pája,93024
Lukášek,20088
Honzík,89814
Lukášek,30131
Bertík,60511
Adámek,64373
Vojtík,29853
Vojtík,93804
Lukášek,97303
Tomík,1425
Tomík,16529
Honzík,51769
Pája,95199
Pája,84303
Adámek,93625
Bertík,70657
Lukášek,46518
Vojtík,19589
Lukášek,69569
Lukášek,16197
Vojtík,92847
Lukášek,44210
Pája,85794
Bertík,13609
Míša,66710
Honzík,27463
Tomík,72716
Adámek,65182
Pája,7775
Bertík,55223
Bertík,16018
Bertík,26844
Adámek,96870
Pája,50256
Adámek,3248
Pája,20035
Vojtík,22809
Pája,3067
Bertík,58142
Honzík,83054
Honzík,82067
Pája,88764
Míša,76681
Míša,57516
Lukášek,22880
Vojtík,51705
Bertík,28001
Honzík,60937
Honzík,77346
Míša,79520
Tomík,74615
Bertík,8164
Lukášek,39957
Honzík,34102
Vojtík,7397
Lukášek,79932
Adámek,59051
Adámek,96918
Honzík,77735
Adámek,77924
Vojtík,69487
Lukášek,62318
Pája,93787
Míša,8783
Pája,64971
Vojtík,23376
Vojtík,49968
Adámek,99112
Vojtík,9050
Tomík,26239
Míša,62702
Míša,66624
Bertík,53047
Lukášek,68120
Míša,98736
Adámek,82281
Adámek,6834
Bertík,14354
Honzík,82132
Lukášek,30217
Tomík,42736
Pája,66640
Lukášek,84010
Vojtík,71517
Bertík,19124
Adámek,38747
Bertík,66459
Lukášek,29711
Míša,69606
Míša,78209
Honzík,83959
Vojtík,96569
Lukášek,40839
Vojtík,85846
Bertík,80786
Tomík,21551
Míša,89594
Tomík,24881
Lukášek,71869
Adámek,60621
Míša,92937
Míša,98229
Adámek,55305
Honzík,37913
Adámek,63426
Pája,45693
Vojtík,17055
Pája,33394
Vojtík,85717
Tomík,2619
Tomík,20151
Bertík,80481
Lukášek,27542
Míša,52912
Pája,69656
Tomík,49556
Lukášek,47274
Vojtík,31149
Vojtík,89071
Míša,56897
Vojtík,66125
Pája,90475
Pája,96047
Lukášek,71010
Míša,85288
Lukášek,28506
Vojtík,86045
Bertík,92316
Míša,61916
Tomík,51257
Adámek,75608
Vojtík,29639
Bertík,72353
Tomík,82992
Pája,30689
Bertík,63477
Honzík,6388
Vojtík,53345
Bertík,33589
Míša,86686
Lukášek,93059
Honzík,96471
Honzík,51958
Míša,86043
Lukášek,60320
Míša,45015
Lukášek,87497
Honzík,12806
Tomík,55332
Lukášek,41125
Lukášek,45320
Bertík,45267
Míša,31019
Honzík,2640
Adámek,27559
Bertík,41751
Vojtík,69483
Vojtík,62348
Míša,84191
Tomík,47135
Vojtík,7421
Adámek,72722
Bertík,69095
Bertík,73494
Adámek,386
Bertík,85067
Adámek,67575
Adámek,81978
Adámek,10921
Míša,63385
Bertík,22367
Míša,87747
Honzík,52353
Bertík,77989
Lukášek,91007
Pája,75278
Bertík,47444
Adámek,71251
Tomík,50004
Adámek,87215
Tomík,22069
Vojtík,63438
Pája,49966
Míša,48378
Honzík,64650
Tomík,75484
Vojtík,82940
Honzík,36838
Bertík,78324
Vojtík,75730
Pája,17072
Lukášek,77992
Bertík,77460
Tomík,37362
Bertík,10710
Pája,84335
Bertík,73051
Lukášek,85037
Lukášek,5568
Míša,7310
Míša,35065
Tomík,31340
Adámek,31646
Lukášek,70054
Tomík,16326
Míša,93260
Honzík,17394
Honzík,58104
Míša,71374
Honzík,89036
Bertík,47360
Lukášek,17369
Vojtík,87172
Tomík,98989
Bertík,233
Bertík,53995
Bertík,96290
Vojtík,55318
Míša,59805
Honzík,54190
Adámek,82824
Lukášek,23344
Vojtík,16160
Míša,9321
Adámek,85001
Lukášek,95873
Tomík,97432
Pája,36659
Míša,41780
Vojtík,88092
Bertík,70786
Lukášek,16142
Adámek,55273
Lukášek,23513
Adámek,27710
Honzík,89054
Tomík,89654
Honzík,99997
Lukášek,48236
Honzík,36357
Tomík,77081
Bertík,8748
Honzík,38910
Pája,87268
Bertík,48160
Míša,76021
Lukášek,60215
Honzík,3947
Tomík,58345
Adámek,20172
Vojtík,29384
Pája,31904
Bertík,53890
Lukášek,26763
Vojtík,83727
Bertík,14179
Vojtík,73978
Lukášek,45947
Lukášek,94366
Adámek,98629
Míša,57138
Tomík,20125
Lukášek,26313
Lukášek,67472
Vojtík,15799
Pája,13644
Lukášek,65058
Honzík,33305
Pája,38079
Lukášek,51821
Míša,72060
Lukášek,39652
Bertík,5858
Honzík,84543
Míša,4572
Pája,89406
Lukášek,30673
Adámek,39585
Lukášek,76833
Lukášek,78061
Bertík,93755
Míša,22684
Adámek,94015
Adámek,77020
Míša,2069
Míša,90770
Míša,22099
Lukášek,48966
Tomík,69804
Adámek,90619
Lukášek,34140
Honzík,3512
Míša,31600
Míša,4797
Tomík,11147
Adámek,74884
Bertík,33684
Tomík,96625
Tomík,91177
Adámek,89662
Bertík,36709
Adámek,62536
Tomík,79167
Bertík,71557
Pája,98356
Bertík,27575
Bertík,56914
Tomík,20324
Vojtík,76585
Adámek,41509
Tomík,18114
Míša,45416
Bertík,62313
Adámek,96909
Pája,60935
Bertík,96006
Lukášek,27610
Vojtík,53390
Vojtík,53501
Bertík,31816
Pája,38491
Vojtík,48414
Bertík,50244
Adámek,11364
Míša,48584
Honzík,13952
Adámek,71165
Míša,82647
Adámek,44349
Adámek,23604
Adámek,17561
Honzík,35663
Vojtík,26785
Vojtík,90073
Pája,65153
Míša,60658
Pája,73666
Bertík,72243
Adámek,59016
Vojtík,42745
Honzík,27689
Míša,77393
Honzík,10547
Lukášek,61611
Adámek,77998
Tomík,44584
Pája,89717
Míša,24605
Vojtík,46260
Tomík,94475
Honzík,82813
Vojtík,93613
Míša,4278
Míša,95805
Lukášek,6000
Lukášek,66354
Adámek,20171
Bertík,9466
Adámek,93460
Bertík,83453
Lukášek,40664
Pája,51364
Honzík,27801
Adámek,20346
Pája,11093
Tomík,62452
Míša,81980
Míša,16785
Míša,95095
Pája,82766
Míša,8614
Pája,30164
Míša,55544
Lukášek,38219
Míša,63408
Pája,12514
Míša,80224
Míša,85121
Bertík,19585
Míša,19369
Adámek,95868
Lukášek,90223
Honzík,27093
Pája,75208
Pája,32037
Tomík,57908
Míša,9631
Pája,16914
Adámek,97241
Adámek,15775
Adámek,9007
Adámek,72824
Adámek,87285
Lukášek,94938
Adámek,4228
Míša,75695
Lukášek,35564
Honzík,65070
Honzík,70010
Adámek,64913
Honzík,41331
Honzík,41289
Míša,32365
Lukášek,47768
Tomík,24946
Bertík,18355
Pája,789
Míša,75345
Míša,81536
Míša,2788
Míša,69425
Pája,95859
Tomík,32988
Tomík,7396
Bertík,27519
Vojtík,80185
Bertík,36534
Lukášek,61502
Honzík,43917
Bertík,83551
Míša,95906
Bertík,71299
Adámek,63335
Pája,69884
Adámek,49090
Lukášek,15325
Adámek,42468
Tomík,85691
Lukášek,64805
Tomík,60110
Vojtík,2535
Pája,21109
Lukášek,61158
Lukášek,27889
Bertík,89293
Lukášek,16035
Vojtík,86711
Lukášek,51415
Bertík,34796
Bertík,35060
Pája,94904
Pája,81103
Pája,26643
Míša,93499
Adámek,26421
Vojtík,69420
Tomík,19974
Lukášek,13825
Pája,11895
Pája,11929
Adámek,9059
Honzík,86687
Míša,90875
Adámek,66602
Míša,13792
Adámek,63896
Pája,54866
Vojtík,11000
Lukášek,99570
Pája,14202
Lukášek,37671
Tomík,68382
Míša,85041
Vojtík,20826
Tomík,9585
Pája,5486
Adámek,52798
Míša,37749
Pája,63790
Pája,15154
Tomík,78413
Lukášek,2256
Lukášek,46641
Adámek,53121
Míša,22182
Vojtík,4818
Pája,1329
Pája,15344
Lukášek,43594
Míša,88639
Honzík,47161
Bertík,66002
Míša,16723
Míša,59312
Tomík,15781
Míša,14372
Lukášek,17957
Pája,77693
Lukášek,19677
Honzík,42760
Lukášek,8518
Tomík,54722
Lukášek,37880
Bertík,80367
Míša,52517
Adámek,84073
Pája,16323
Lukášek,72432
Míša,74574
Tomík,37307
Míša,5618
Honzík,40985
Honzík,54443
Honzík,37154
Honzík,25236
Tomík,82799
Pája,61039
Lukášek,4646
Míša,17023
Vojtík,74743
Lukášek,96492
Honzík,85308
Bertík,48165
Pája,17159
Míša,9783
Míša,76868
Vojtík,74895
Adámek,99991
Honzík,97398
Honzík,34971
Bertík,31007
Bertík,83921
Vojtík,754
Pája,32621
Adámek,31434
Vojtík,82119
Míša,77708
Tomík,66255
Tomík,74905
Lukášek,32288
Vojtík,6057
Tomík,54483
Bertík,84890
Honzík,43183
Míša,76792
Pája,93470
Tomík,36350
Adámek,69239
Míša,27778
Míša,96036
Honzík,66926
Adámek,60899
Pája,3535
Míša,29767
Vojtík,32367
Lukášek,64744
Tomík,28312
Bertík,49358
Honzík,72242
Lukášek,75973
Bertík,69999
Adámek,58400
Vojtík,95347
Honzík,45626
Adámek,32627
Vojtík,426
Honzík,20045
Pája,74973
Adámek,97831
Adámek,6871
Vojtík,93914
Lukášek,20585
Tomík,78779
Pája,46667
Lukášek,51833
Adámek,992
Pája,48332
Adámek,18514
Vojtík,91085
Adámek,2741
Lukášek,16724
Pája,97179
Lukášek,99111
Tomík,43160
Tomík,74898
Bertík,69712
Míša,14055
Pája,37061
Vojtík,733
Honzík,1313
Míša,17077
Pája,25710
Honzík,99786
Tomík,27154
Adámek,89640
Pája,63525
Míša,12987
Tomík,75548
Pája,23831
Adámek,9509
Lukášek,42903
Tomík,92216
Adámek,55736
Adámek,4858
Vojtík,44345
Vojtík,16618
Pája,54089
Tomík,62973
Vojtík,70945
Bertík,47140
Honzík,94720
Adámek,6621
Tomík,76922
Bertík,95612
Lukášek,20634
Bertík,50305
Honzík,39511
Míša,98572
Tomík,27023
Míša,50724
Adámek,89677
Míša,81130
Honzík,59773
Vojtík,39620
Pája,89673
Adámek,17256
Pája,38363
Míša,63444
Lukášek,11937
Vojtík,57789
Adámek,5198
Bertík,43551
Lukášek,20789
Lukášek,26844
Tomík,86110
Vojtík,69136
Honzík,6633
Lukášek,59700
Pája,12193
Honzík,27914
Honzík,49860
Lukášek,7267
Honzík,75877
Pája,61541
Míša,13972
Vojtík,41040
Tomík,75178
Bertík,85501
Pája,71307
Adámek,75643
Pája,63908
Bertík,77849
Pája,55773
Adámek,74089
Bertík,89590
Adámek,76735
Lukášek,56305
Honzík,57016
Pája,27574
Lukášek,7713
Lukášek,14839
Honzík,95620
Pája,60333
Lukášek,84781
Tomík,92381
Honzík,32785
Bertík,39671
Vojtík,80422
Lukášek,82045
Míša,86013
Pája,11249
Honzík,6614
Honzík,29974
Lukášek,6514
Tomík,45597
Honzík,16734
Lukášek,26386
Honzík,24895
Honzík,32811
Lukášek,4694
Vojtík,73131
Tomík,68826
Tomík,12200
Tomík,63076
Míša,84882
Míša,76800
Adámek,10614
Bertík,78588
Adámek,82339
Bertík,47452
Bertík,6239
Míša,7111
Lukášek,60641
Adámek,64527
Bertík,7908
Adámek,81755
Vojtík,99238
Vojtík,77218
Vojtík,72518
Vojtík,22706
Míša,72847
Lukášek,62453
Bertík,39620
Pája,88521
Pája,63805
Pája,2257
Honzík,71825
Honzík,4470
Bertík,68708
Vojtík,26501
Vojtík,50475
Adámek,53371
Vojtík,68416
Honzík,97352
Bertík,14889
Vojtík,79258
Tomík,99689
Tomík,31844
Vojtík,20747
Adámek,25606
Bertík,35894
Míša,5618
Pája,43949
Lukášek,86563
Pája,64753
Vojtík,21684
Tomík,78641
Tomík,63584
Lukášek,41684
Tomík,4773
Vojtík,12596
Tomík,41577
Bertík,57178
Lukášek,26560
Pája,86219
Adámek,14926
Lukášek,30982
Bertík,25272
Bertík,78978
Míša,27746
Lukášek,58457
Tomík,75951
Adámek,78336
Pája,32614
Honzík,49905
Adámek,66640
Míša,50709
Vojtík,69593
Adámek,58529
Pája,73137
Vojtík,1721
Pája,32713
Tomík,6146
Lukášek,91467
Honzík,63935
Tomík,6358
Lukášek,7333
Honzík,83280
Adámek,32189
Honzík,11553
Adámek,42997
Tomík,15296
Pája,82455
Pája,97283
Pája,10222
Honzík,8710
Tomík,74825
Adámek,82526
Lukášek,46917
Adámek,83429
Bertík,55303
Vojtík,46785
Pája,67288
Bertík,5290
Lukášek,5036
Tomík,96833
Lukášek,75596
Bertík,59924
Tomík,48304
Míša,50424
Míša,41870
Honzík,98271
Tomík,69388
Lukášek,19624
Bertík,8970
Míša,8596
Honzík,95085
Bertík,75679
Vojtík,83381
Bertík,38555
Adámek,26838
Míša,537
Lukášek,67717
Bertík,43531
Honzík,76302
Adámek,50101
Bertík,27151
Pája,28522
Lukášek,72035
Honzík,83294
Adámek,17978
Pája,72518
Tomík,46696
Tomík,71105
Tomík,19296
Míša,46318
Honzík,93228
Míša,14025
Míša,17143
Bertík,56749
Honzík,71348
Míša,25826
Tomík,2004
Bertík,33215
Pája,51129
Vojtík,42772
Lukášek,33646
Adámek,95684
Adámek,18532
Adámek,86084
Bertík,87654
Bertík,81292
Vojtík,20620
Adámek,54806
Tomík,34599
Honzík,56210
Míša,93225
Bertík,38773
Bertík,2353
Bertík,99234
Adámek,47643
Míša,5956
Honzík,52593
Adámek,6367
Tomík,87452
Adámek,60842
Adámek,84977
Pája,64678
Míša,81351
Honzík,35434
Adámek,4861
Tomík,80719
Pája,22427
Míša,8908
Míša,35985
Honzík,60045
Tomík,58665
Honzík,96391
Honzík,83613
Vojtík,17200
Lukášek,26862
Pája,85917
Tomík,93865
Bertík,93602
Pája,34626
Tomík,82714
Vojtík,12683
Honzík,78381
Vojtík,51743
Míša,42401
Lukášek,67135
Bertík,43656
Lukášek,28728
Honzík,87670
Lukášek,75248
Tomík,14387
Pája,39355
Lukášek,68861
Pája,95764
Lukášek,89203
Honzík,4373
Bertík,44337
Míša,3891
Míša,14057
Míša,12980
Lukášek,65534
Míša,34235
Lukášek,17253
Adámek,82849
Míša,84749
Vojtík,19296
Lukášek,14096
Honzík,41147
Lukášek,48234
Honzík,8290
Míša,45389
Bertík,69271
Pája,37657
Adámek,16215
Adámek,61151
Honzík,99252
Honzík,33262
Tomík,62467
Honzík,32551
Honzík,15482
Míša,19690
Vojtík,9179
Lukášek,26276
Vojtík,99905
Pája,99267
Vojtík,18815
Adámek,67204
Bertík,29093
Míša,59260
Pája,99368
Honzík,65802
Tomík,97808
Lukášek,54310
Adámek,69162
Pája,69184
Lukášek,98629
Lukášek,81780
Honzík,81365
Pája,63636
Adámek,39312
Bertík,78220
Adámek,1186
Pája,14413
Tomík,70681
Bertík,28636
Bertík,19150
Adámek,80948
Bertík,47461
Míša,27001
Míša,66789
Míša,80419
Pája,23917
Míša,38631
Pája,16072
Míša,92231
Lukášek,28044
Honzík,78545
Míša,91660
Lukášek,12068
Adámek,64770
Bertík,77332
Bertík,26965
Lukášek,62853
Adámek,36563
Lukášek,18643
Lukášek,10898
Adámek,41887
Vojtík,7923
Tomík,90107
Honzík,7422
Míša,27953
Tomík,37132
Adámek,41468
Bertík,24536
Tomík,98502
Bertík,41946
Pája,5044
Bertík,51681
Pája,49350
Míša,48777
Lukášek,7576
Bertík,10596
Lukášek,72079
Lukášek,36809
Tomík,96214
Tomík,7782
Honzík,68388
Bertík,47270
Míša,30467
Vojtík,43724
Bertík,58233
Bertík,5662
Tomík,47975
Míša,85472
Pája,98683
Adámek,82695
Lukášek,79349
Honzík,97104
Míša,70925
Míša,52655
Míša,11417
Bertík,43253
Bertík,36496
Bertík,66195
Pája,99244
Lukášek,90459
Adámek,1193
Honzík,68973
Míša,93390
Vojtík,99648
Bertík,85231
Bertík,99648
Adámek,2423
Lukášek,42184
Bertík,5094
Lukášek,82447
Honzík,75345
Pája,11638
Tomík,27079
Vojtík,33562
Honzík,66466
Lukášek,80439
Adámek,69836
Lukášek,2856
Lukášek,25362
Bertík,75471
Míša,15882
Lukášek,92187
Vojtík,87623
Lukášek,22865
Pája,61097
Lukášek,31339
Pája,79396
Pája,49901
Pája,91293
Bertík,55677
Tomík,30317
Tomík,54130
Bertík,41526
Bertík,59174
Adámek,85161
Pája,12123
Bertík,89985
Pája,87163
Vojtík,18152
Tomík,68639
Bertík,88603
Pája,11127
Adámek,1989
Adámek,36074
Tomík,45460
Lukášek,11083
Míša,89731
Míša,66137
Honzík,40087
Pája,59305
Bertík,62279
Lukášek,95050
Pája,81299
Míša,86337
Pája,20067
Míša,88338
Pája,23989
Tomík,6814
Adámek,85226
Vojtík,78292
Tomík,21532
Adámek,19994
Bertík,93094
Adámek,23343
Honzík,16639
Míša,92415
Lukášek,70454
Adámek,86479
Vojtík,81172
Tomík,72643
Míša,67774
Bertík,60096
Tomík,77567
Tomík,98202
Míša,19836
Lukášek,84911
Lukášek,58636
Bertík,42231
Bertík,38712
Míša,31884
Míša,23715
Vojtík,79010
Míša,5894
Honzík,79234
Tomík,33966
Honzík,93374
Pája,30343
Tomík,53975
Míša,9425
Bertík,95208
Míša,57425
Míša,24861
Míša,20090
Míša,10079
Honzík,97573
Honzík,94342
Lukášek,75029
Lukášek,93831
Vojtík,232
Bertík,25834
Honzík,22228
Pája,81937
Míša,60627
Míša,12317
Lukášek,59235
Lukášek,13754
Adámek,98080
Tomík,14509
Adámek,67525
Lukášek,63085
Honzík,63526
Honzík,44931
Vojtík,26024
Tomík,94928
Adámek,9760
Honzík,98120
Tomík,60364
Honzík,86345
Pája,31742
Lukášek,6452
Pája,62975
Míša,56123
Adámek,52612
Lukášek,80666
Bertík,57130
Pája,85428
Tomík,27063
Adámek,74201
Pája,18011
Bertík,39140
Vojtík,92532
Míša,61429
Míša,40613
Honzík,57375
Pája,90786
Honzík,951
Vojtík,4680
Vojtík,82866
Vojtík,68157
Míša,1871
Vojtík,52167
Adámek,13795
Vojtík,70260
Adámek,27424
Honzík,90040
Vojtík,69985
Míša,68614
Bertík,94695
Adámek,15213
Vojtík,72723
Pája,19880
Vojtík,40704
Pája,27125
Vojtík,8569
Vojtík,97226
Pája,89645
Honzík,18558
Vojtík,53828
Míša,54462
Tomík,85470
Lukášek,49638
Lukášek,7285
Tomík,55069
Vojtík,36171
Pája,75448
Pája,26544
Vojtík,43657
Pája,21392
Tomík,5595
Lukášek,1259
Bertík,89987
Adámek,32870
Honzík,61044
Vojtík,20194
Pája,36486
Honzík,57497
Lukášek,38147
Lukášek,14674
Vojtík,95924
Tomík,93342
Pája,70603
Tomík,62991
Tomík,36250
Míša,94060
Tomík,84866
Lukášek,70569
Tomík,88479
Pája,32354
Vojtík,81547
Vojtík,8959
Míša,95206
Pája,24436
Vojtík,63676
Bertík,63330
Tomík,68921
Míša,47027
Vojtík,20902
Bertík,88615
Tomík,58192
Pája,66556
Vojtík,18408
Adámek,28244
Pája,96631
Lukášek,14723
Honzík,48991
Bertík,37004
Lukášek,7841
Lukášek,48340
Adámek,20839
Lukášek,19652
Honzík,66402
Bertík,20103
Vojtík,12827
Pája,88734
Tomík,27978
Míša,36585
Lukášek,6523
Honzík,11827
Honzík,88219
Honzík,85521
Tomík,16709
Tomík,15830
Pája,86337
Lukášek,38490
Honzík,59500
Tomík,43417
Tomík,86607
Bertík,97895
Bertík,59569
Pája,6313
Honzík,88724
Tomík,83909
Tomík,88543
Adámek,16832
Pája,26989
Adámek,887
Míša,5719
Vojtík,12888
Vojtík,40322
Adámek,13724
Adámek,3412
Vojtík,50177
Adámek,57553
Honzík,34152
Míša,82410
Lukášek,55906
Lukášek,54273
Honzík,40517
Tomík,73847
Pája,50563
Pája,38144
Pája,80885
Lukášek,28109
Pája,30014
Míša,57650
Adámek,70936
Vojtík,45622
Pája,1020
Adámek,87022
Lukášek,46139
Vojtík,5548
Tomík,66708
Bertík,43312
Adámek,30758
Bertík,86450
Tomík,96860
Pája,18326
Tomík,45067
Honzík,22882
Honzík,16332
Bertík,74038
Honzík,49542
Honzík,92621
Tomík,27278
Tomík,95161
Pája,18596
Vojtík,74082
Tomík,44625
Tomík,54718
Adámek,17778
Vojtík,123
Vojtík,62829
Vojtík,44670
Pája,67637
Vojtík,14826
Tomík,62949
Bertík,1055
Vojtík,82049
Honzík,80764
Lukášek,22339
Vojtík,37687
Tomík,852
Tomík,12497
Vojtík,37022
Tomík,11306
Adámek,44532
Lukášek,73396
Lukášek,49618
Bertík,92011
Tomík,52030
Tomík,85186
Tomík,7374
Bertík,76607
Bertík,50846
Adámek,533
Míša,68995
Bertík,66504
Vojtík,78058
Míša,41415
Pája,44682
Lukášek,88126
Honzík,9703
Adámek,67006
Tomík,77347
Pája,17783
Vojtík,2634
Vojtík,96931
Tomík,22743
Tomík,72094
Adámek,54087
Tomík,98838
Lukášek,39904
Adámek,50016
Vojtík,33244
Tomík,33915
Tomík,92361
Tomík,39420
Pája,55573
Vojtík,25556
Vojtík,92575
Pája,87781
Pája,4982
Vojtík,83924
Míša,76336
Adámek,63897
Adámek,42880
Tomík,2377
Pája,91870
Lukášek,83251
Tomík,89753
Lukášek,56822
Míša,21933
Míša,4843
Vojtík,65940
Lukášek,35256
Bertík,47641
Adámek,28012
Tomík,2925
Vojtík,19741
Míša,67540
Bertík,71239
Tomík,61401
Lukášek,21508
Tomík,85413
Pája,64464
Honzík,2771
Vojtík,12622
Tomík,47283
Lukášek,2901
Míša,68737
Tomík,66347
Vojtík,33708
Pája,82290
Adámek,99522
Bertík,71134
Tomík,69704
Honzík,49348
Lukášek,67672
Míša,88124
Vojtík,5877
Vojtík,54980
Vojtík,31890
Lukášek,51703
Míša,87953
Honzík,2050
Vojtík,45016
Pája,88100
Honzík,23920
Adámek,14481
Pája,67464
Honzík,87404
Tomík,94154
Pája,15843
Míša,289
Pája,57156
Tomík,58841
Pája,30736
Bertík,81617
Míša,54310
Adámek,12562
Lukášek,25371
Honzík,91993
Bertík,14433
Tomík,81190
Adámek,93421
Honzík,84530
Bertík,90912
Adámek,98122
Vojtík,19413
Bertík,90599
Míša,65271
Lukášek,99466
Bertík,61276
Míša,37122
Adámek,4505
Pája,68147
Lukášek,14426
Lukášek,43442
Bertík,16350
Lukášek,95737
Míša,24317
Honzík,65707
Tomík,45737
Tomík,32884
Míša,63829
Lukášek,24471
Adámek,71001
Lukášek,35591
Pája,59763
Míša,55720
Adámek,18410
Adámek,18451
Adámek,33892
Vojtík,37709
Bertík,99724
Pája,75320
Tomík,73862
Bertík,12046
Vojtík,13281
Míša,3800
Bertík,88159
Vojtík,68922
Tomík,25043
Tomík,83685
Lukášek,34233
Pája,29558
Honzík,72418
Pája,95837
Honzík,75946
Bertík,60700
Honzík,25002
Adámek,55033
Vojtík,53526
Adámek,10153
Vojtík,84111
Vojtík,90861
Tomík,41642
Tomík,97022
Vojtík,24658
Vojtík,58539
Pája,93025
Lukášek,57010
Tomík,6055
Lukášek,92867
Adámek,54349
Honzík,80072
Pája,31719
Tomík,20069
Vojtík,97051
Adámek,83994
Adámek,70736
Lukášek,10074
Lukášek,36419
Lukášek,54639
Tomík,50299
Lukášek,87885
Míša,63020
Míša,92120
Adámek,23989
Tomík,88582
Tomík,1870
Tomík,85210
Míša,15902
Pája,19378
Míša,72485
Vojtík,80603
Honzík,92759
Adámek,87371
Vojtík,45851
Adámek,92183
Lukášek,1027
Adámek,95007
Adámek,87677
Honzík,80489
Bertík,19857
Lukášek,6796
Bertík,84872
Tomík,7821
Míša,64978
Lukášek,37458
Tomík,45334
Honzík,79124
Míša,38657
Míša,40866
Míša,17161
Míša,67820
Bertík,83393
Tomík,84627
Míša,1119
Adámek,74563
Adámek,39832
Bertík,20388
Tomík,74738
Bertík,16084
Adámek,19328
Lukášek,27215
Míša,85196
Adámek,57408
Míša,96543
Pája,79983
Míša,75983
Pája,49330
Pája,45163
Bertík,914
Honzík,55779
Honzík,7674
Adámek,19245
Honzík,65248
Adámek,52380
Lukášek,26465
Tomík,36714
Vojtík,4991
Adámek,25445
Tomík,45287
Vojtík,68308
Honzík,77123
Tomík,63613
Lukášek,39731
Bertík,8879
Vojtík,25209
Vojtík,45464
Pája,59408
Bertík,27059
Pája,65858
Honzík,43735
Bertík,88122
Adámek,32866
Adámek,29992
Pája,42850
Tomík,74584
Bertík,7388
Bertík,41342
Adámek,75344
Tomík,79641
Vojtík,54210
Adámek,97405
Tomík,36278
Vojtík,47441
Pája,89299
Bertík,51732
Adámek,31743
Pája,76743
Bertík,56863
Lukášek,63358
Lukášek,83303
Vojtík,18998
Tomík,2650
Bertík,73438
Adámek,77363
Míša,44743
Pája,42530
Lukášek,14744
Míša,70468
Pája,91311
Tomík,16001
Tomík,99419
Tomík,12696
Adámek,79710
Tomík,25746
Míša,23471
Míša,5167
Honzík,5269
Honzík,57594
Pája,47476
Adámek,67367
Honzík,96986
Tomík,14149
Adámek,48090
Honzík,61632
Honzík,30497
Honzík,34511
Bertík,57788
Tomík,28909
Adámek,3735
Adámek,2617
Honzík,40705
Honzík,59484
Pája,56263
Adámek,46920
Pája,5736
Tomík,45271
Pája,8131
Honzík,66932
Vojtík,39414
Bertík,31667
Pája,68285
Adámek,64875
Pája,4697
Míša,45976
Pája,37543
Adámek,29151
Adámek,92915
Bertík,9876
Lukášek,39749
Míša,82210
Honzík,23400
Lukášek,50622
Tomík,27280
Adámek,38112
Míša,71947
Pája,75268
Míša,6824
Honzík,25184
Míša,73232
Míša,80806
Bertík,71910
Lukášek,7266
Honzík,57093
Lukášek,20700
Míša,11518
Tomík,79979
Honzík,81819
Honzík,41280
Bertík,75610
Adámek,87440
Tomík,90475
Honzík,98903
Míša,77578
Míša,18353
Míša,43208
Pája,86053
Pája,3760
Lukášek,94600
Lukášek,78289
Tomík,76742
Tomík,56233
Pája,88971
Vojtík,65704
Pája,73239
Bertík,81123
Míša,38847
Pája,93854
Vojtík,27534
Míša,39405
Bertík,68430
Pája,43621
Tomík,62220
Adámek,85073
Tomík,80701
Adámek,21893
Bertík,55629
Adámek,87317
Tomík,45369
Honzík,50812
Tomík,19352
Pája,54296
Bertík,48212
Honzík,9457
Tomík,37707
Bertík,38549
Bertík,12191
Míša,83804
Míša,32483
Honzík,23783
Honzík,95421
Honzík,32955
Tomík,92213
Vojtík,18192
Lukášek,18028
Bertík,26823
Adámek,48801
Vojtík,4645
Bertík,86971
Honzík,43442
Míša,50393
Bertík,29059
Míša,89782
Tomík,99792
Adámek,8405
Vojtík,45550
Míša,21132
Honzík,88611
Vojtík,55001
Tomík,14693
Bertík,26349
Adámek,61295
Lukášek,65949
Lukášek,98915
Honzík,80822
Lukášek,92483
Tomík,61759
Pája,29623
Tomík,83487
Míša,28943
Vojtík,22647
Lukášek,81976
Honzík,83519
Pája,81325
Honzík,88270
Pája,60558
Bertík,30540
Míša,25719
Honzík,97828
Tomík,72002
Adámek,50265
Adámek,53062
Pája,50762
Adámek,5675
Lukášek,18589
Tomík,27386
Vojtík,79294
Pája,35366
Míša,33245
Lukášek,47180
Tomík,26081
Adámek,64701
Vojtík,21007
Vojtík,29371
Lukášek,16270
Tomík,16401
Míša,29832
Lukášek,51776
Míša,66121
Vojtík,15668
Lukášek,95858
Míša,50899
Adámek,2210
Míša,42334
Lukášek,48950
Honzík,11780
Vojtík,485
Lukášek,55388
Lukášek,38493
Vojtík,96595
Tomík,33705
Vojtík,46629
Honzík,5405
Lukášek,55460
Bertík,55690
Bertík,99457
Pája,44701
Pája,62960
Honzík,83750
Lukášek,87156
Lukášek,26806
Míša,35069
Tomík,61521
Lukášek,39172
Bertík,89877
Honzík,889
Míša,25162
Lukášek,38584
Vojtík,33789
Honzík,75580
Honzík,67365
Bertík,26068
Bertík,82890
Pája,95802
Honzík,32087
Tomík,53462
Bertík,43402
Vojtík,12366
Bertík,81418
Pája,50542
Tomík,87499
Honzík,96528
Pája,29259
Vojtík,28596
Vojtík,62980
Lukášek,74563
Míša,10761
Honzík,91343
Adámek,37017
Míša,72312
Bertík,14724
Vojtík,16740
Honzík,63473
Honzík,85547
Míša,51461
Adámek,26084
Adámek,20403
Míša,56526
Pája,74020
Tomík,92856
Bertík,79917
Tomík,8489
Honzík,73314
Pája,57833
Míša,9303
Míša,83243
Tomík,4254
Adámek,44499
Adámek,2305
Tomík,47182
Honzík,45771
Adámek,62828
Pája,17449
Vojtík,80203
Honzík,2083
Honzík,16206
Adámek,85938
Tomík,72960
Pája,81710
Lukášek,55390
Pája,50329
Lukášek,40704
Tomík,49238
Vojtík,67098
Honzík,63542
Bertík,41133
Bertík,63010
Bertík,72622
Míša,9266
Adámek,69642
Vojtík,69166
Bertík,70812
Míša,19608
Adámek,84739
Honzík,77237
Pája,51567
Honzík,81710
Vojtík,37100
Pája,80558
Tomík,81592
Míša,77223
Míša,9668
Lukášek,18275
Honzík,86426
Míša,83820
Adámek,1737
Lukášek,52510
Míša,91978
Tomík,87859
Míša,17490
Bertík,68240
Tomík,12810
Vojtík,96087
Vojtík,51810
Honzík,15680
Pája,94107
Pája,25518
Tomík,44349
Lukášek,46123
Bertík,45691
Tomík,1776
Pája,89146
Tomík,20931
Pája,92359
Bertík,85040
Pája,81163
Bertík,97359
Adámek,18958
Adámek,44843
Honzík,28305
Míša,4950
Adámek,92211
Tomík,44571
Tomík,14263
Vojtík,63731
Vojtík,14909
Honzík,26690
Bertík,59896
Honzík,5564
Tomík,90953
Honzík,43712
Pája,63543
Honzík,6730
Adámek,25111
Míša,7678
Honzík,12796
Míša,48917
Vojtík,95695
Adámek,1875
Bertík,67364
Bertík,32705
Lukášek,27870
Pája,56217
Vojtík,19944
Lukášek,36004
Vojtík,54895
Pája,46172
Pája,86349
Lukášek,28586
Adámek,75373
Míša,28967
Honzík,48576
Adámek,84678
Tomík,98506
Pája,35571
Tomík,29326
Lukášek,95081
Honzík,149
Lukášek,91693
Míša,20401
Míša,21307
Bertík,7656
Lukášek,53834
Vojtík,43503
Bertík,71316
Tomík,52896
Adámek,25447
Vojtík,45479
Vojtík,85548
Bertík,61854
Míša,90170
Vojtík,21257
Adámek,99906
Honzík,88940
Honzík,25470
Pája,11448
Bertík,75660
Tomík,98809
Tomík,84351
Lukášek,24102
Míša,77215
Vojtík,85030
Míša,16167
Adámek,37241
Adámek,56458
Adámek,57418
Bertík,29790
Míša,54273
Bertík,88734
Vojtík,8195
Bertík,62119
Tomík,34840
Bertík,29370
Míša,99023
Vojtík,18711
Lukášek,22652
Pája,87595
Míša,83891
Pája,98662
Míša,43864
Bertík,64055
Lukášek,68102
Bertík,5421
Míša,2653
Míša,17452
Pája,30167
Bertík,44974
Lukášek,77226
Adámek,63854
Honzík,28912
Míša,41853
Honzík,31917
Pája,26149
Tomík,16073
Lukášek,73930
Míša,83827
Adámek,81313
Lukášek,19458
Adámek,90152
Vojtík,29197
Adámek,9748
Bertík,96302
Pája,15768
Tomík,7843
Míša,21444
Vojtík,61676
Pája,59284
Honzík,17781
Adámek,55965
Bertík,71080
Adámek,45686
Tomík,50846
Tomík,80572
Honzík,69117
Vojtík,1044
Honzík,97689
Adámek,93727
Honzík,3882
Vojtík,20197
Míša,44964
Míša,33547
Tomík,25959
Míša,46148
Bertík,97889
Pája,74476
Lukášek,9607
Pája,32959
Pája,57141
Vojtík,23197
Adámek,14768
Vojtík,63288
Pája,3338
Tomík,29063
Lukášek,16828
Míša,11439
Míša,33296
Vojtík,11283
Míša,75779
Tomík,64449
Vojtík,77908
Tomík,11318
Pája,6128
Vojtík,78775
Vojtík,43551
Bertík,63169
Bertík,81249
Bertík,67008
Tomík,22993
Tomík,85467
Míša,10462
Pája,87526
Bertík,66665
Adámek,95993
Pája,18212
Adámek,58236
Tomík,32470
Bertík,67561
Míša,44039
Lukášek,12103
Bertík,70239
Míša,62694
Vojtík,24087
Vojtík,64586
Bertík,10600
Pája,84639
Bertík,67935
Honzík,66741
Vojtík,24513
Honzík,95379
Tomík,755
Vojtík,15884
Honzík,21396
Adámek,47259
Míša,13400
Tomík,69060
Honzík,40803
Adámek,24591
Pája,54999
Bertík,50770
Adámek,30687
Honzík,49362
Adámek,69326
Bertík,53838
Pája,41833
Adámek,37076
Adámek,36042
Bertík,95212
Pája,95409
Bertík,62657
Míša,98231
Lukášek,88310
Lukášek,92326
Tomík,82243
Honzík,86017
Pája,35576
Tomík,49474
Lukášek,37838
Pája,3517
Vojtík,90415
Bertík,31824
Bertík,90255
Honzík,7467
Tomík,97173
Vojtík,54932
Adámek,61573
Vojtík,88192
Adámek,79218
Lukášek,3135
Honzík,8023
Pája,20261
Lukášek,67974
Lukášek,14130
Pája,90413
Honzík,92095
Honzík,50872
Lukášek,80320
Honzík,5617
Lukášek,26201
Pája,26074
Honzík,25176
Lukášek,54476
Tomík,89432
Adámek,4435
Bertík,90362
Honzík,62003
Pája,75817
Honzík,28738
Tomík,41371
Adámek,36548
Honzík,65436
Honzík,32866
Honzík,33783
Adámek,45828
Tomík,92982
Míša,27151
Honzík,12494
Lukášek,26432
Lukášek,60381
Vojtík,46101
Bertík,37379
Míša,61415
Vojtík,9996
Míša,69564
Tomík,65370
Tomík,93102
Míša,7064
Bertík,79650
Vojtík,89540
Pája,7146
Honzík,2721
Adámek,80171
Míša,30322
Míša,86176
Vojtík,54293
Lukášek,25668
Tomík,71833
Vojtík,69676
Tomík,51844
Adámek,43349
Honzík,48548
Lukášek,98825
Tomík,89490
Pája,19328
Tomík,99810
Bertík,13752
Honzík,55427
Pája,64916
Adámek,72074
Pája,49281
Bertík,34218
Tomík,16644
Adámek,19916
Honzík,51350
Míša,61060
Tomík,32092
Bertík,73552
Lukášek,68921
Vojtík,4911
Pája,30089
Pája,94465
Honzík,71546
Bertík,20826
Tomík,59488
Bertík,77985
Bertík,24625
Honzík,62201
Honzík,96690
Adámek,94058
Bertík,46851
Honzík,90607
Tomík,24125
Tomík,48299
Pája,76253
Bertík,92796
Pája,8265
Pája,27448
Pája,90233
Lukášek,88984
Honzík,67993
Míša,15115
Bertík,39093
Adámek,26206
Honzík,69500
Bertík,42798
Tomík,87778
Tomík,98821
Lukášek,24658
Tomík,57616
Adámek,5113
Míša,77215
Míša,23221
Vojtík,22289
Tomík,83128
Adámek,78208
Míša,51136
Tomík,50386
Tomík,78716
Pája,19684
Pája,66395
Pája,26476
Lukášek,16117
Míša,7580
Bertík,79500
Bertík,72875
Honzík,91760
Adámek,71644
Míša,4409
Honzík,62950
Bertík,8141
Míša,37915
Míša,62154
Adámek,24584
Bertík,61455
Bertík,29639
Míša,98243
Pája,39298
Tomík,67927
Lukášek,84221
Míša,12141
Vojtík,51183
Míša,30816
Míša,30931
Tomík,81668
Bertík,64713
Lukášek,39119
Lukášek,63649
Pája,95194
Bertík,65301
Pája,44777
Vojtík,72915
Honzík,34994
Míša,94038
Vojtík,15631
Vojtík,88486
Pája,61052
Tomík,21433
Lukášek,428
Pája,57759
Pája,28791
Bertík,60985
Pája,23035
Adámek,29079
Vojtík,32752
Míša,42937
Pája,45607
Vojtík,68893
Lukášek,29800
Tomík,34934
Míša,21293
Honzík,60882
Lukášek,98379
Adámek,2911
Vojtík,70678
Tomík,94778
Honzík,76816
Honzík,71309
Pája,57262
Lukášek,7499
Adámek,75978
Vojtík,26563
Míša,36077
Tomík,45699
Bertík,65589
Honzík,11722
Míša,40338
Vojtík,28239
Míša,22242
Tomík,28994
Bertík,33006
Lukášek,44144
Lukášek,51329
Vojtík,22681
Adámek,74472
Pája,15040
Pája,64027
Bertík,13605
Lukášek,23396
Honzík,88086
Bertík,50599
Adámek,96733
Lukášek,27497
Míša,82792
Bertík,89816
Vojtík,81269
Tomík,2579
Pája,86853
Míša,64831
Honzík,13197
Míša,11147
Lukášek,59090
Tomík,47583
Adámek,63765
Míša,50228
Honzík,55487
Tomík,93151
Adámek,10807
Honzík,30021
Honzík,35297
Vojtík,33444
Adámek,75798
Míša,50490
Bertík,88856
Honzík,52125
Vojtík,63326
Vojtík,81430
Honzík,12628
Honzík,22074
Honzík,43786
Vojtík,76425
Adámek,44353
Honzík,87030
Pája,83453
Lukášek,51832
Míša,70303
Pája,70229
Tomík,6328
Bertík,73922
Honzík,65368
Vojtík,83601
Míša,5981
Vojtík,79936
Míša,2210
Míša,71204
Lukášek,27279
Tomík,83932
Míša,26070
Lukášek,71353
Lukášek,13356
Vojtík,68172
Honzík,92859
Honzík,74191
Adámek,87994
Pája,10718
Pája,73822
Honzík,55156
Honzík,79031
Honzík,57584
Adámek,82033
Bertík,2386
Bertík,6379
Tomík,24648
Pája,95326
Míša,16254
Honzík,63587
Vojtík,13491
Bertík,24075
Adámek,84198
Bertík,33109
Tomík,15701
Míša,86648
Bertík,5434
Lukášek,78329
Pája,71727
Tomík,27156
Lukášek,47131
Míša,76556
Honzík,78793
Bertík,14719
Vojtík,97188
Vojtík,24787
Pája,80424
Lukášek,12244
Honzík,13422
Bertík,18618
Vojtík,91165
Honzík,71777
Adámek,32266
Adámek,49665
Vojtík,36257
Honzík,28457
Pája,88961
Honzík,88500
Tomík,26964
Míša,21831
Míša,71432
Tomík,13218
Adámek,84093
Vojtík,73707
Míša,70574
Bertík,78613
Míša,53933
Míša,70045
Adámek,50938
Pája,40268
Adámek,74795
Vojtík,45744
Tomík,40533
Míša,59012
Adámek,55789
Honzík,95726
Honzík,71207
Vojtík,92625
Míša,51165
Tomík,71125
Vojtík,66241
Adámek,35065
Bertík,33899
Adámek,22232
Míša,18810
Pája,40166
Honzík,39230
Vojtík,65201
Honzík,62302
Honzík,32842
Vojtík,57277
Honzík,57798
Honzík,53633
Honzík,5905
Vojtík,57067
Lukášek,87518
Míša,52723
Vojtík,74962
Pája,80987
Lukášek,2299
Bertík,72293
Adámek,7184
Bertík,8877
Adámek,57660
Pája,59470
Honzík,59366
Tomík,99259
Bertík,73497
Pája,86315
Tomík,23514
Bertík,74917
Lukášek,37231
Vojtík,27290
Vojtík,81249
Adámek,15965
Lukášek,17666
Míša,55813
Bertík,93658
Lukášek,49606
Lukášek,10561
Honzík,21390
Honzík,13264
Pája,93811
Lukášek,86386
Vojtík,30999
Pája,54409
Honzík,51682
Honzík,15530
Vojtík,95114
Lukášek,45123
Bertík,84372
Bertík,23003
Tomík,86003
Tomík,27271
Bertík,47545
Lukášek,84355
Honzík,81694
Vojtík,70376
Tomík,9977
Honzík,38224
Lukášek,44490
Tomík,13474
Vojtík,86592
Vojtík,3638
Adámek,56410
Lukášek,71060
Adámek,97778
Honzík,55678
Bertík,26278
Adámek,90691
Míša,48367
Míša,57241
Bertík,25039
Honzík,7656
Tomík,96814
Honzík,64347
Míša,57685
Lukášek,59287
Míša,6513
Lukášek,82083
Pája,9932
Honzík,31504
Pája,13384
Tomík,92605
Honzík,71264
Míša,63430
Bertík,96996
Míša,43671
Lukášek,67020
Tomík,28141
Honzík,31748
Adámek,14770
Honzík,18525
Tomík,49875
Tomík,69156
Honzík,92163
Vojtík,42827
Bertík,54037
Vojtík,49671
Míša,31533
Míša,75708
Bertík,19653
Adámek,47222
Vojtík,75504
Míša,6144
Adámek,31536
Tomík,46285
Tomík,70354
Tomík,30304
Honzík,56434
Honzík,43380
Bertík,56344
Vojtík,71482
Honzík,55232
Bertík,81946
Míša,48830
Tomík,52691
Honzík,61135
Pája,10055
Lukášek,2237
Vojtík,28055
Míša,44817
Pája,43371
Pája,45388
Honzík,79696
Adámek,54114
Bertík,75938
Bertík,15325
Bertík,99787
Pája,65485
Pája,37774
Honzík,31926
Míša,66032
Honzík,67121
Bertík,44184
Honzík,69896
Míša,97162
Míša,26398
Míša,12720
Bertík,55816
Tomík,78253
Adámek,75406
Bertík,93300
Tomík,85922
Míša,32068
Pája,38896
Adámek,10978
Vojtík,87684
Pája,58759
Míša,80305
Tomík,3608
Adámek,55875
Adámek,98819
Lukášek,49627
Bertík,27111
Míša,92672
Honzík,590
Honzík,66322
Tomík,74152
Lukášek,35277
Adámek,34185
Adámek,90276
Tomík,55453
Tomík,52377
Honzík,10995
Tomík,44127
Bertík,13013
Honzík,15825
Vojtík,20182
Tomík,43722
Lukášek,83652
Adámek,84505
Bertík,69334
Lukášek,24568
Honzík,17287
Pája,12887
Tomík,88410
Vojtík,23226
Míša,33443
Lukášek,13913
Bertík,99101
Tomík,13170
Honzík,60508
Bertík,59003
Tomík,48177
Pája,53676
Adámek,45064
Míša,35205
Míša,25783
Vojtík,12818
Bertík,74513
Míša,3968
Lukášek,70743
Honzík,99618
Míša,95421
Adámek,5004
Tomík,29548
Míša,43516
Míša,79463
Pája,76789
Míša,48109
Tomík,56931
Vojtík,63526
Pája,50787
Tomík,88820
Míša,26343
Míša,36032
Míša,282
Lukášek,78853
Honzík,11746
Adámek,25479
Míša,41228
Míša,35892
Honzík,74197
Lukášek,4689
Honzík,34603
Adámek,92197
Míša,87059
Míša,71330
Honzík,74048
Adámek,65403
Vojtík,24908
Honzík,55362
Vojtík,84532
Bertík,37269
Honzík,64190
Vojtík,76703
Tomík,95073
Bertík,30276
Pája,52422
Adámek,37956
Honzík,35105
Tomík,10566
Vojtík,91100
Honzík,48485
Adámek,18605
Bertík,99804
Tomík,94391
Tomík,19587
Vojtík,71208
Vojtík,77534
Pája,29111
Pája,61462
Bertík,12592
Vojtík,21590
Míša,57022
Lukášek,30619
Vojtík,4599
Lukášek,65144
Míša,59840
Míša,84425
Tomík,42972
Honzík,61237
Honzík,81044
Adámek,35797
Honzík,57819
Adámek,471
Tomík,23271
Míša,64146
Adámek,43432
Tomík,16093
Bertík,6417
Bertík,28202
Vojtík,42483
Honzík,37409
Tomík,96549
Bertík,93449
Lukášek,3320
Honzík,34105
Míša,55206
Vojtík,71801
Adámek,53856
Adámek,75198
Vojtík,85182
Adámek,88619
Bertík,85510
Vojtík,63410
Vojtík,96797
Pája,58311
Vojtík,11783
Míša,17100
Tomík,3737
Pája,18468
Míša,35230
Lukášek,16152
Adámek,71906
Míša,20400
Lukášek,87383
Míša,23774
Bertík,78923
Vojtík,62409
Honzík,73468
Pája,29446
Honzík,54936
Míša,10333
Pája,3979
Honzík,58909
Bertík,6717
Vojtík,79130
Pája,28190
Bertík,41410
Tomík,93381
Lukášek,5680
Adámek,50417
Adámek,66759
Vojtík,70823
Vojtík,44453
Honzík,25894
Lukášek,55668
Míša,25987
Vojtík,78424
Míša,14693
Lukášek,93485
Tomík,27487
Míša,32393
Tomík,10307
Adámek,12803
Pája,76345
Míša,87685
Vojtík,8761
Vojtík,95330
Tomík,71296
Míša,29816
Pája,95780
Adámek,75487
Míša,66763
Tomík,13784
Vojtík,37160
Tomík,82617
Pája,11507
Pája,75610
Lukášek,84771
Vojtík,72506
Honzík,84388
Vojtík,85997
Honzík,49841
Adámek,63365
Lukášek,59605
Míša,65361
Vojtík,42380
Adámek,62514
Lukášek,82509
Honzík,14724
Pája,45492
Vojtík,42832
Vojtík,18044
Tomík,21291
Adámek,12319
Lukášek,99984
Tomík,16427
Tomík,18137
Míša,69801
Pája,66191
Míša,87031
Adámek,90782
Honzík,50390
Bertík,48983
Míša,31121
Bertík,16888
Vojtík,69193
Lukášek,60442
Lukášek,76468
Honzík,57253
Míša,58403
Lukášek,75930
Honzík,91731
Bertík,92262
Vojtík,43458
Vojtík,78094
Pája,24688
Pája,75483
Bertík,62368
Lukášek,70005
Míša,53655
Vojtík,16599
Honzík,18359
Honzík,27889
Pája,74910
Vojtík,75432
Tomík,59551
Adámek,25281
Tomík,627
Honzík,40200
Pája,95876
Adámek,26259
Pája,88415
Honzík,56515
Honzík,51235
Tomík,52808
Bertík,78417
Lukášek,99051
Míša,18772
Honzík,77065
Pája,68011
Honzík,37073
Pája,69800
Vojtík,69901
Adámek,98625
Honzík,25653
Tomík,52876
Míša,59034
Lukášek,92259
Míša,25963
Pája,27075
Pája,73196
Tomík,79119
Adámek,79605
Míša,81751
Míša,8493
Bertík,1627
Vojtík,92964
Lukášek,14523
Vojtík,30146
Adámek,54432
Vojtík,28758
Bertík,21496
Adámek,27816
Tomík,89713
Lukášek,25845
Pája,53941
Adámek,74980
Tomík,43823
Míša,67202
Vojtík,81652
Lukášek,42440
Lukášek,39829
Honzík,12761
Honzík,43313
Adámek,57324
Tomík,22362
Tomík,50487
Míša,34593
Adámek,66097
Pája,54863
Bertík,83180
Lukášek,82486
Míša,85224
Vojtík,17752
Adámek,22218
Pája,58819
Bertík,54587
Pája,46387
Bertík,44422
Pája,30019
Pája,92683
Vojtík,72382
Míša,44971
Honzík,87202
Bertík,62130
Lukášek,21979
Pája,37773
Pája,19383
Lukášek,36973
Tomík,34655
Tomík,43665
Lukášek,79600
Honzík,43053
Lukášek,68553
Honzík,21548
Míša,9702
Vojtík,27107
Bertík,87685
Lukášek,96174
Pája,33227
Lukášek,84016
Pája,29312
Lukášek,5154
Adámek,98046
Tomík,96249
Vojtík,92694
Lukášek,77902
Pája,78541
Tomík,1391
Míša,29410
Vojtík,21870
Honzík,96178
Honzík,29339
Lukášek,85623
Honzík,63796
Bertík,86940
Míša,74553
Bertík,7247
Tomík,11704
Lukášek,78926
Vojtík,20156
Tomík,59956
Honzík,35841
Vojtík,65968
Honzík,90791
Tomík,16116
Tomík,47005
Bertík,11559
Lukášek,91563
Honzík,28827
Honzík,37476
Míša,73401
Míša,86061
Bertík,62948
Lukášek,5252
Honzík,27842
Bertík,50550
Pája,14434
Adámek,85261
Bertík,50608
Míša,48058
Tomík,55179
Vojtík,59959
Lukášek,65760
Honzík,58986
Bertík,41766
Honzík,22793
Míša,2995
Honzík,77363
Pája,73982
Lukášek,75953
Bertík,16722
Lukášek,97306
Lukášek,12213
Bertík,57410
Vojtík,10689
Adámek,29672
Vojtík,82748
Adámek,25933
Vojtík,26927
Honzík,10514
Lukášek,63061
Vojtík,32457
Honzík,2244
Lukášek,49471
Adámek,31411
Lukášek,82940
Tomík,59576
Pája,78547
Honzík,59125
Lukášek,35954
Honzík,73496
Honzík,75321
Adámek,59627
Bertík,18177
Pája,38154
Tomík,17090
Adámek,84433
Míša,65095
Adámek,12438
Tomík,43270
Vojtík,56242
Honzík,47025
Míša,95860
Pája,71797
Bertík,79263
Bertík,58719
Pája,85056
Lukášek,96780
Vojtík,4946
Míša,88968
Tomík,32831
Tomík,83965
Adámek,63176
Vojtík,81341
Vojtík,39305
Míša,12077
Bertík,26128
Míša,26484
Tomík,36971
Lukášek,51795
Tomík,89174
Vojtík,96584
Tomík,37337
Lukášek,64010
Honzík,20530
Honzík,53790
Tomík,35821
Lukášek,59657
Honzík,9225
Honzík,95869
Tomík,61621
Míša,66902
Míša,62811
Adámek,48884
Bertík,26474
Pája,6241
Pája,9664
Honzík,7196
Adámek,44945
Vojtík,94535
Pája,37010
Míša,24381
Bertík,88018
Vojtík,68920
Vojtík,14305
Tomík,14649
Adámek,16040
Honzík,72612
Tomík,98842
Lukášek,8496
Lukášek,1129
Adámek,76168
Bertík,94514
Pája,80754
Honzík,86692
Tomík,72656
Pája,52341
Honzík,91233
Tomík,60707
Pája,9083
Honzík,30003
Adámek,76833
Tomík,27615
Pája,37008
Bertík,47350
Lukášek,59672
Lukášek,34561
Adámek,59953
Míša,54324
Vojtík,4400
Míša,81345
Honzík,32624
Bertík,51752
Pája,67703
Míša,96669
Adámek,82592
Adámek,36545
Pája,25882
Lukášek,30932
Bertík,14042
Adámek,94058
Míša,2901
Vojtík,16950
Míša,81765
Pája,44174
Míša,80916
Míša,15281
Honzík,23317
Adámek,98747
Honzík,56662
Pája,78204
Honzík,50682
Lukášek,92233
Lukášek,44911
Pája,37991
Adámek,39117
Tomík,84332
Vojtík,55480
Bertík,95379
Adámek,39588
Vojtík,35438
Lukášek,57874
Adámek,36418
Lukášek,98195
Vojtík,26796
Adámek,54730
Adámek,57068
Míša,93679
Adámek,43257
Pája,52388
Adámek,4513
Pája,34924
Vojtík,66526
Tomík,60708
Vojtík,81754
Honzík,63912
Míša,18274
Tomík,58659
Adámek,83619
Lukášek,36102
Bertík,19627
Míša,80196
Lukášek,28336
Pája,38151
Bertík,34150
Pája,84799
Vojtík,69871
Pája,27036
Adámek,3942
Míša,8852
Tomík,31385
Honzík,34909
Pája,94831
Vojtík,82051
Vojtík,48560
Pája,99586
Bertík,51023
Lukášek,89310
Lukášek,94540
Tomík,50825
Míša,7439
Pája,11213
Vojtík,57761
Bertík,50761
Míša,16985
Vojtík,14474
Vojtík,8336
Honzík,16723
Pája,87134
Vojtík,20355
Adámek,11851
Adámek,67313
Bertík,51905
Adámek,20398
Míša,40051
Míša,69710
Míša,85084
Bertík,36024
Míša,48965
Lukášek,64468
Míša,80899
Adámek,10368
Adámek,85141
Vojtík,55192
Tomík,40013
Lukášek,50472
Tomík,30811
Bertík,33103
Bertík,21858
Adámek,4128
Honzík,51431
Tomík,8204
Lukášek,67193
Bertík,78338
Míša,11130
Honzík,93329
Tomík,82262
Honzík,1313
Bertík,58502
Pája,15708
Pája,20237
Míša,52072
Pája,99282
Vojtík,31776
Honzík,26313
Adámek,33254
Míša,90000
Bertík,5765
Tomík,84020
Míša,87996
Bertík,91513
Honzík,85622
Pája,82272
Adámek,81378
Pája,18639
Adámek,29646
Adámek,97048
Adámek,58111
Tomík,4266
Bertík,1177
Vojtík,36971
Pája,16586
Bertík,22846
Adámek,65881
Lukášek,94038
Bertík,97885
Pája,92265
Bertík,77126
Lukášek,33197
Míša,78547
Tomík,68681
Bertík,9146
Adámek,19288
Lukášek,17816
Míša,57807
Tomík,16871
Vojtík,4645
Lukášek,15998
Pája,68987
Míša,28110
Lukášek,75158
Vojtík,38457
Vojtík,38511
Vojtík,65888
Lukášek,25934
Lukášek,19232
Pája,33819
Pája,25447
Adámek,51863
Pája,53238
Bertík,25556
Bertík,97645
Honzík,79991
Lukášek,60217
Lukášek,71295
Adámek,25943
Vojtík,52803
Lukášek,33446
Pája,74638
Vojtík,78611
Pája,47382
Vojtík,78936
Honzík,40618
Adámek,14098
Lukášek,65728
Adámek,86445
Honzík,74205
Bertík,11097
Honzík,75935
Vojtík,860
Adámek,49781
Bertík,88458
Vojtík,49519
Bertík,15344
Lukášek,91621
Adámek,18047
Pája,8965
Honzík,98348
Vojtík,36532
Honzík,56525
Honzík,34870
Adámek,21378
Bertík,22156
Vojtík,40814
Míša,10251
Míša,76247
Honzík,90169
Lukášek,78431
Míša,7883
Vojtík,93297
Tomík,36800
Bertík,90067
Tomík,43578
Vojtík,76239
Tomík,69623
Honzík,68397
Lukášek,22031
Lukášek,84841
Lukášek,78607
Vojtík,48462
Honzík,33823
Lukášek,49297
Honzík,17328
Bertík,8781
Honzík,92027
Vojtík,40812
Lukášek,86335
Vojtík,36657
Tomík,6435
Bertík,64264
Tomík,59632
Míša,51927
Tomík,90655
Bertík,37645
Vojtík,23852
Míša,54277
Honzík,37456
Míša,15053
Lukášek,40721
Lukášek,80143
Míša,52461
Honzík,53360
Honzík,11963
Honzík,5535
Adámek,5397
Adámek,64268
Míša,1330
Honzík,25814
Tomík,42172
Tomík,72778
Honzík,3302
Bertík,83296
Vojtík,40124
Bertík,76486
Tomík,7589
Honzík,4218
Tomík,19274
Vojtík,13142
Lukášek,38808
Bertík,64859
Míša,67915
Adámek,36067
Pája,62277
Bertík,50872
Tomík,93384
Adámek,24036
Bertík,33828
Honzík,5053
Tomík,65579
Honzík,14413
Míša,26980
Míša,76524
Bertík,87947
Honzík,64517
Vojtík,85901
Bertík,2730
Bertík,52131
Bertík,67368
Adámek,45615
Bertík,94715
Adámek,25570
Honzík,40342
Míša,1350
Bertík,931
Adámek,35497
Adámek,27524
Lukášek,13996
Lukášek,21164
Bertík,75144
Bertík,60492
Tomík,24157
Lukášek,81940
Pája,47363
Pája,14908
Vojtík,52479
Vojtík,67943
Adámek,19375
Míša,84843
Pája,20100
Bertík,98104
Míša,94192
Lukášek,89077
Tomík,56426
Vojtík,55384
Vojtík,69490
Tomík,68696
Tomík,31762
Vojtík,87466
Pája,45179
Vojtík,73301
Lukášek,73089
Lukášek,16572
Lukášek,37115
Vojtík,97936
Bertík,69486
Lukášek,2735
Honzík,64119
Bertík,63083
Pája,18266
Honzík,43852
Bertík,92967
Pája,28255
Míša,81451
Vojtík,95490
Tomík,5461
Adámek,34373
Bertík,39585
Lukášek,42075
Vojtík,93440
Lukášek,93214
Adámek,26396
Vojtík,71544
Tomík,39078
Lukášek,2284
Bertík,12585
Vojtík,90952
Vojtík,24018
Tomík,23549
Lukášek,88475
Honzík,84692
Lukášek,50735
Lukášek,31381
Lukášek,56218
Bertík,24549
Honzík,74678
Pája,64988
Bertík,76603
Bertík,52830
Míša,65273
Honzík,30719
Vojtík,9958
Honzík,23182
Míša,90613
Adámek,11139
Adámek,23523
Pája,81365
Pája,67345
Bertík,7538
Tomík,82748
Honzík,90115
Míša,15103
Vojtík,69239
Pája,85462
Pája,67193
Tomík,68667
Vojtík,26084
Míša,16143
Pája,33230
Míša,76639
Bertík,96327
Adámek,18564
Tomík,74755
Adámek,30391
Míša,32976
Adámek,60814
Adámek,54151
Pája,95815
Pája,54337
Tomík,1147
Lukášek,4850
Honzík,9271
Adámek,21460
Vojtík,32029
Vojtík,52816
Vojtík,27753
Míša,14426
Lukášek,89797
Tomík,15683
Míša,40516
Tomík,33152
Adámek,96549
Tomík,37669
Honzík,93489
Lukášek,42453
Tomík,56462
Vojtík,42399
Lukášek,63912
Bertík,1181
Tomík,97290
Bertík,47475
Honzík,85359
Adámek,25082
Bertík,74677
Bertík,44642
Vojtík,57809
Míša,84678
Bertík,17764
Adámek,92155
Bertík,35171
Bertík,58653
Lukášek,52967
Vojtík,18030
Míša,81431
Honzík,81166
Honzík,63192
Adámek,87934
Pája,43867
Vojtík,15297
Vojtík,85110
Adámek,73911
Pája,83024
Vojtík,27080
Honzík,34681
Bertík,44991
Adámek,44489
Pája,53133
Honzík,50964
Lukášek,42670
Pája,46884
Adámek,12480
Honzík,27606
Pája,93489
Pája,71721
Adámek,77497
Lukášek,96637
Honzík,23764
Adámek,76802
Bertík,70706
Honzík,26046
Míša,89111
Pája,99492
Honzík,30859
Bertík,12142
Lukášek,49079
Honzík,58545
Tomík,27598
Pája,94673
Míša,18072
Honzík,35965
Adámek,37825
Adámek,81682
Bertík,47604
Honzík,2567
Pája,53676
Vojtík,32803
Tomík,16022
Pája,19457
Tomík,23480
Adámek,43039
Vojtík,17497
Honzík,24163
Honzík,44260
Pája,55477
Bertík,2204
Pája,98208
Vojtík,38057
Bertík,98865
Pája,50577
Tomík,8135
Pája,28860
Pája,82666
Adámek,94339
Honzík,53904
Pája,44831
Bertík,56078
Bertík,94691
Tomík,44962
Lukášek,22185
Vojtík,10767
Pája,71768
Pája,6930
Pája,14128
Honzík,5176
Pája,62869
Míša,80281
Míša,16283
Bertík,46834
Bertík,37985
Lukášek,68027
Tomík,56122
Míša,50820
Lukášek,22888
Vojtík,13329
Pája,12986
Adámek,37144
Lukášek,49803
Tomík,96242
Bertík,50478
Pája,62548
Tomík,8780
Tomík,71413
Lukášek,90792
Vojtík,85940
Míša,95073
Tomík,99297
Lukášek,58077
Míša,96270
Míša,60064
Tomík,45417
Honzík,47623
Vojtík,5706
Pája,98714
Tomík,28709
Vojtík,83799
Lukášek,54417
Míša,88061
Tomík,12938
Lukášek,12613
Pája,55161
Míša,11110
Pája,17851
Míša,14408
Adámek,41934
Vojtík,10016
Míša,98031
Adámek,70563
Pája,33698
Adámek,67839
Honzík,68890
Tomík,58696
Lukášek,76899
Vojtík,87957
Vojtík,608
Lukášek,57354
Lukášek,99509
Tomík,63276
Vojtík,60246
Pája,45512
Bertík,92858
Honzík,28025
Míša,34624
Bertík,61057
Bertík,62377
Míša,86278
Adámek,74371
Honzík,75821
Bertík,12825
Vojtík,73462
Míša,99801
Bertík,63367
Bertík,25177
Míša,87199
Lukášek,63249
Adámek,71924
Lukášek,82639
Lukášek,18333
Tomík,20076
Pája,45686
Vojtík,18266
Vojtík,16255
Adámek,10264
Adámek,15160
Tomík,74715
Bertík,64501
Vojtík,75413
Míša,1126
Bertík,3120
Lukášek,6829
Tomík,88015
Vojtík,83581
Vojtík,95037
Bertík,92558
Vojtík,56936
Honzík,10147
Vojtík,26623
Vojtík,65313
Bertík,19743
Lukášek,33607
Bertík,52656
Lukášek,53274
Bertík,62166
Vojtík,78766
Lukášek,87299
Lukášek,62435
Míša,37440
Vojtík,10171
Honzík,19649
Adámek,2876
Míša,21461
Pája,33829
Bertík,19007
Vojtík,97360
Pája,91403
Míša,52693
Vojtík,49305
Lukášek,66311
Míša,30508
Vojtík,76791
Tomík,55751
Vojtík,96022
Pája,33379
Míša,10851
Vojtík,23362
Lukášek,98755
Tomík,69008
Pája,65700
Vojtík,5056
Tomík,71789
Míša,89807
Tomík,31627
Adámek,108
Bertík,62260
Pája,16046
Míša,31023
Honzík,67331
Míša,54197
Honzík,98343
Adámek,93804
Honzík,33369
Honzík,86508
Honzík,47637
Lukášek,28380
Adámek,8980
Honzík,51719
Honzík,77508
Adámek,59355
Pája,55189
Adámek,86394
Tomík,63821
Vojtík,36399
Lukášek,77532
Pája,53308
Míša,35378
Tomík,84640
Míša,99055
Honzík,73953
Lukášek,4371
Tomík,76316
Míša,8744
Lukášek,55817
Tomík,86352
Lukášek,9316
Pája,89432
Honzík,80625
Adámek,42558
Míša,34096
Bertík,64878
Honzík,74756
Bertík,80197
Míša,80985
Pája,69712
Tomík,19264
Pája,41623
Bertík,67816
Honzík,97392
Míša,62545
Bertík,71901
Honzík,54888
Lukášek,91900
Tomík,28721
Pája,43265
Adámek,16332
Adámek,4729
Honzík,16796
Lukášek,14255
Vojtík,77631
Pája,10214
Lukášek,42787
Lukášek,9454
Pája,40015
Honzík,39047
Adámek,15079
Bertík,45411
Vojtík,9343
Vojtík,53956
Adámek,53698
Adámek,34057
Honzík,50496
Míša,98951
Tomík,49234
Vojtík,18554
Tomík,46843
Míša,73587
Bertík,48045
Adámek,70139
Míša,78050
Adámek,78081
Pája,27753
Bertík,42782
Bertík,46768
Lukášek,97340
Tomík,37340
Bertík,90742
Tomík,92737
Vojtík,96704
Tomík,81076
Adámek,85207
Lukášek,38042
Honzík,97937
Pája,49081
Vojtík,74606
Vojtík,21809
Tomík,49853
Honzík,85633
Honzík,32725
Honzík,28284
Míša,75616
Vojtík,25531
Vojtík,29792
Vojtík,45894
Tomík,15027
Adámek,55853
Adámek,8464
Lukášek,78942
Míša,48216
Pája,20460
Vojtík,32257
Míša,39447
Tomík,28463
Bertík,88043
Vojtík,5832
Honzík,77651
Bertík,96581
Míša,81730
Pája,77148
Tomík,52234
Honzík,86905
Adámek,20607
Míša,27403
Pája,81143
Adámek,5725
Honzík,18496
Lukášek,23143
Adámek,70895
Vojtík,80311
Honzík,62438
Míša,46266
Bertík,78268
Vojtík,20594
Míša,27961
Bertík,11380
Lukášek,4717
Míša,47812
Lukášek,39297
Tomík,65565
Bertík,7091
Adámek,23993
Honzík,28006
Vojtík,98028
Bertík,52202
Míša,87824
Vojtík,15020
Lukášek,48877
Adámek,58516
Honzík,25305
Lukášek,11184
Honzík,37761
Vojtík,98786
Vojtík,86070
Bertík,48717
Pája,82834
Pája,93225
Adámek,70231
Honzík,30582
Adámek,73018
Pája,81943
Tomík,56438
Míša,46782
Honzík,52073
Adámek,57062
Honzík,88894
Tomík,99495
Adámek,97929
Lukášek,99829
Adámek,34067
Honzík,41940
Lukášek,8614
Vojtík,40603
Vojtík,83072
Lukášek,29027
Tomík,17505
Adámek,66077
Vojtík,87737
Míša,98658
Honzík,43129
Tomík,60409
Lukášek,67442
Vojtík,33230
Adámek,19459
Adámek,73253
Tomík,11332
Vojtík,69576
Lukášek,3662
Tomík,63223
Honzík,78022
Honzík,59800
Tomík,69736
Pája,58466
Pája,59489
Vojtík,44668
Tomík,34420
Vojtík,82497
Adámek,16191
Míša,37316
Míša,89319
Vojtík,42413
Míša,7002
Tomík,14062
Honzík,60262
Bertík,54587
Tomík,40981
Tomík,13732
Adámek,71991
Bertík,21353
Bertík,80872
Honzík,34211
Tomík,4664
Vojtík,90786
Lukášek,31947
Tomík,29829
Adámek,15814
Adámek,34035
Pája,97611
Bertík,76671
Vojtík,27645
Bertík,79046
Adámek,94008
Lukášek,48871
Lukášek,10553
Honzík,62157
Honzík,42881
Honzík,58127
Tomík,98889
Vojtík,93240
Honzík,98955
Vojtík,52249
Pája,13526
Adámek,94643
Adámek,62532
Pája,36442
Adámek,78577
Bertík,11981
Vojtík,64759
Adámek,13491
Bertík,28795
Míša,19011
Lukášek,22237
Honzík,9677
Adámek,68251
Vojtík,78745
Lukášek,91727
Honzík,40510
Lukášek,99082
Adámek,48601
Lukášek,66317
Tomík,39494
Vojtík,75590
Bertík,20701
Honzík,52153
Honzík,73102
Vojtík,79934
Honzík,56921
Adámek,68217
Vojtík,99827
Míša,26867
Míša,97684
Lukášek,39159
Tomík,73895
Vojtík,2947
Honzík,98968
Pája,44797
Bertík,73835
Pája,57051
Honzík,88199
Bertík,63250
Míša,12221
Pája,56977
Míša,33951
Honzík,34130
Honzík,15160
Bertík,35539
Adámek,95902
Bertík,23912
Honzík,30290
Lukášek,87167
Adámek,43173
Míša,43716
Lukášek,78340
Pája,33473
Pája,27032
Honzík,46097
Adámek,4342
Lukášek,62006
Lukášek,38215
Honzík,61509
Honzík,71141
Adámek,49702
Tomík,23352
Bertík,12993
Tomík,59017
Pája,78148
Adámek,66548
Adámek,79070
Vojtík,90933
Pája,15262
Vojtík,95069
Bertík,23538
Bertík,14412
Bertík,12573
Bertík,76834
Vojtík,95732
Bertík,90653
Adámek,99328
Míša,23771
Vojtík,68989
Adámek,28538
Adámek,14706
Vojtík,48200
Adámek,54850
Lukášek,54734
Tomík,51130
Bertík,76505
Tomík,6933
Bertík,80010
Bertík,78551
Adámek,58400
Honzík,91159
Vojtík,95923
Honzík,35229
Pája,19435
Honzík,96414
Honzík,50432
Adámek,61219
Vojtík,12978
Adámek,56737
Honzík,49205
Bertík,86830
Vojtík,49761
Honzík,15872
Tomík,84473
Lukášek,25991
Honzík,80059
Vojtík,30700
Honzík,66878
Adámek,18028
Adámek,10996
Pája,73051
Bertík,67121
Adámek,39351
Pája,41724
Bertík,7704
Bertík,47393
Pája,28435
Lukášek,66322
Lukášek,4306
Míša,52924
Tomík,10978
Tomík,55770
Bertík,7155
Míša,79763
Adámek,23301
Vojtík,5967
Tomík,44030
Bertík,8922
Adámek,63025
Lukášek,87507
Honzík,45065
Honzík,52535
Míša,83306
Vojtík,42413
Adámek,37897
Adámek,99075
Tomík,65853
Vojtík,4929
Míša,43952
Honzík,55749
Adámek,66834
Míša,99158
Míša,10974
